,Sum_of_CBX,DC_Rating,String_count,Relative_DC,Sum_of_CBX/Relative_DC,Sum/Top_performer,Estimated_Downstrings,,,BLK1 CMB/INV,BLK2 CMB/INV,,String Count,DC Rating,String Count AVG:
Recombiner 203 - Current_String_17 (A),9962.8,168.75,100,0.889328063,11202.61511,1,0,,INV1,0.943749135,0.944177527,,110,189.1,9448.8
Recombiner 101 - Current_String_11 (A),9138.7,138,80,0.727272727,12565.7125,1,0,,INV2,0.944608232,0.947216133,,105,181.125,9648.9
Recombiner 104 - Current_String_3 (A),9207.5,138,80,0.727272727,12660.3125,1,0,,INV3,0.94396164,0.945260325,,100,172.5,8925.961538
Recombiner 203 - Current_String_19 (A),7946.9,135,80,0.711462451,11169.80944,0.997071606,0.23,,INV4,0.942493251,0.958569655,,100,168.75,8812.680612
Recombiner 203 - Current_String_20 (A),7919.5,135,80,0.711462451,11131.29722,0.993633818,0.51,,INV5,0.947135735,0.955987691,,90,155.25,7845.75
Recombiner 203 - Current_String_9 (A),9795.9,168.75,100,0.889328063,11014.94533,0.983247681,1.68,,INV6,0.946796205,0.953616431,,90,151.75,7560.5
Recombiner 203 - Current_String_16 (A),9626.2,168.75,100,0.889328063,10824.12711,0.966214317,3.38,,INV7,0.944944719,0.957610134,,80,138,6822.485714
Recombiner 206 - Current_String_21 (A),7593.7,135,80,0.711462451,10673.36722,0.952756755,3.78,,,,,,80,135,6874.42381
Recombiner 201 - Current_String_12 (A),9452.7,168.75,100,0.889328063,10629.036,0.948799534,5.12,,,,,,70,120.75,5560.5
Recombiner 201 - Current_String_18 (A),9421.5,168.75,100,0.889328063,10593.95333,0.945667885,5.43,,,,,,70,118.125,6399
Recombiner 201 - Current_String_8 (A),7703.7,138,80,0.727272727,10592.5875,0.945545964,4.36,,,,,,60,103.5,5750.7
Recombiner 201 - Current_String_3 (A),7527.1,135,80,0.711462451,10579.75722,0.94440067,4.45,,,,,,60,101.25,5475.3
Recombiner 206 - Current_String_6 (A),7526.6,135,80,0.711462451,10579.05444,0.944337937,4.45,,,,,,,,
Recombiner 206 - Current_String_19 (A),9388.7,168.75,100,0.889328063,10557.07156,0.942375637,5.76,,,,,,,,
Recombiner 202 - Current_String_14 (A),9588.2,172.5,100,0.909090909,10547.02,0.941478387,5.85,,,,,,,,
Recombiner 201 - Current_String_4 (A),5750.7,103.5,60,0.545454545,10542.95,0.941115079,3.53,,,,,,,,
Recombiner 204 - Current_String_4 (A),9356.8,168.75,100,0.889328063,10521.20178,0.939173726,6.08,,,,,,,,
Recombiner 203 - Current_String_10 (A),9354,168.75,100,0.889328063,10518.05333,0.938892681,6.11,,,,,,,,
Recombiner 206 - Current_String_4 (A),9352.5,168.75,100,0.889328063,10516.36667,0.938742121,6.13,,,,,,,,
Recombiner 106 - Current_String_8 (A),9350.8,168.75,100,0.889328063,10514.45511,0.938571486,6.14,,,,,,,,
Recombiner 103 - Current_String_8 (A),9556,172.5,100,0.909090909,10511.6,0.938316625,6.17,,,,,,,,
Recombiner 106 - Current_String_6 (A),9347.6,168.75,100,0.889328063,10510.85689,0.938250291,6.17,,,,,,,,
Recombiner 202 - Current_String_8 (A),9538,172.5,100,0.909090909,10491.8,0.93654918,6.35,,,,,,,,
Recombiner 204 - Current_String_6 (A),9325.5,168.75,100,0.889328063,10486.00667,0.936032039,6.4,,,,,,,,
Recombiner 203 - Current_String_12 (A),7457.5,135,80,0.711462451,10481.93056,0.935668186,5.15,,,,,,,,
Recombiner 206 - Current_String_3 (A),9300.3,168.75,100,0.889328063,10457.67067,0.93350263,6.65,,,,,,,,
Recombiner 107 - Current_String_17 (A),9285.6,168.75,100,0.889328063,10441.14133,0.932027141,6.8,,,,,,,,
Recombiner 204 - Current_String_3 (A),9280.9,168.75,100,0.889328063,10435.85644,0.931555386,6.84,,,,,,,,
Recombiner 206 - Current_String_11 (A),7415.7,135,80,0.711462451,10423.17833,0.930423676,5.57,,,,,,,,
Recombiner 206 - Current_String_5 (A),7409.8,135,80,0.711462451,10414.88556,0.929683422,5.63,,,,,,,,
Recombiner 202 - Current_String_9 (A),9466.7,172.5,100,0.909090909,10413.37,0.929548136,7.05,,,,,,,,
Recombiner 203 - Current_String_14 (A),7407.2,135,80,0.711462451,10411.23111,0.929357209,5.65,,,,,,,,
Recombiner 206 - Current_String_2 (A),5553.7,101.25,60,0.533596838,10408.04519,0.929072818,4.26,,,,,,,,
Recombiner 106 - Current_String_12 (A),9252.8,168.75,100,0.889328063,10404.25956,0.928734894,7.13,,,,,,,,
Recombiner 107 - Current_String_1 (A),9252.4,168.75,100,0.889328063,10403.80978,0.928694744,7.13,,,,,,,,
Recombiner 101 - Current_String_6 (A),9454.8,172.5,100,0.909090909,10400.28,0.928379659,7.16,,,,,,,,
Recombiner 106 - Current_String_4 (A),9239.4,168.75,100,0.889328063,10389.192,0.92738989,7.26,,,,,,,,
Recombiner 201 - Current_String_7 (A),9444,172.5,100,0.909090909,10388.4,0.927319193,7.27,,,,,,,,
Recombiner 101 - Current_String_7 (A),7549.9,138,80,0.727272727,10381.1125,0.926668675,5.87,,,,,,,,
Recombiner 205 - Current_String_14 (A),9232.2,168.75,100,0.889328063,10381.096,0.926667202,7.33,,,,,,,,
Recombiner 103 - Current_String_15 (A),9430.5,172.5,100,0.909090909,10373.55,0.925993609,7.4,,,,,,,,
Recombiner 101 - Current_String_5 (A),9413.7,172.5,100,0.909090909,10355.07,0.924343994,7.57,,,,,,,,
Recombiner 106 - Current_String_5 (A),9208.1,168.75,100,0.889328063,10353.99689,0.924248203,7.58,,,,,,,,
Recombiner 107 - Current_String_19 (A),9207.8,168.75,100,0.889328063,10353.65956,0.924218091,7.58,,,,,,,,
Recombiner 103 - Current_String_1 (A),7524.7,138,80,0.727272727,10346.4625,0.923575647,6.11,,,,,,,,
Recombiner 102 - Current_String_17 (A),7521.3,138,80,0.727272727,10341.7875,0.923158334,6.15,,,,,,,,
Recombiner 103 - Current_String_12 (A),7515.1,138,80,0.727272727,10333.2625,0.922397351,6.21,,,,,,,,
Recombiner 107 - Current_String_2 (A),9184.2,168.75,100,0.889328063,10327.12267,0.921849279,7.82,,,,,,,,
Recombiner 202 - Current_String_6 (A),9383.2,172.5,100,0.909090909,10321.52,0.921349158,7.87,,,,,,,,
Recombiner 102 - Current_String_3 (A),9377.8,172.5,100,0.909090909,10315.58,0.920818925,7.92,,,,,,,,
Recombiner 204 - Current_String_5 (A),9172.6,168.75,100,0.889328063,10314.07911,0.920684948,7.93,,,,,,,,
Recombiner 103 - Current_String_5 (A),7500,138,80,0.727272727,10312.5,0.920543989,6.36,,,,,,,,
Recombiner 207 - Current_String_5 (A),9167.7,168.75,100,0.889328063,10308.56933,0.920193118,7.98,,,,,,,,
Recombiner 106 - Current_String_16 (A),9165,168.75,100,0.889328063,10305.53333,0.91992211,8.01,,,,,,,,
Recombiner 101 - Current_String_4 (A),9367.4,172.5,100,0.909090909,10304.14,0.919797735,8.02,,,,,,,,
Recombiner 107 - Current_String_18 (A),9163.1,168.75,100,0.889328063,10303.39689,0.919731401,8.03,,,,,,,,
Recombiner 102 - Current_String_1 (A),9364.8,172.5,100,0.909090909,10301.28,0.919542437,8.05,,,,,,,,
Recombiner 207 - Current_String_6 (A),9161,168.75,100,0.889328063,10301.03556,0.919520617,8.05,,,,,,,,
Recombiner 105 - Current_String_12 (A),9362.9,172.5,100,0.909090909,10299.19,0.919355873,8.06,,,,,,,,
Recombiner 102 - Current_String_7 (A),9362,172.5,100,0.909090909,10298.2,0.919267501,8.07,,,,,,,,
Recombiner 103 - Current_String_4 (A),9361,172.5,100,0.909090909,10297.1,0.91916931,8.08,,,,,,,,
Recombiner 103 - Current_String_2 (A),7479.4,138,80,0.727272727,10284.175,0.918015561,6.56,,,,,,,,
Recombiner 104 - Current_String_9 (A),9346.7,172.5,100,0.909090909,10281.37,0.917765173,8.22,,,,,,,,
Recombiner 206 - Current_String_14 (A),6399,118.125,70,0.622529644,10279.02857,0.917556166,5.77,,,,,,,,
Recombiner 103 - Current_String_16 (A),9342.6,172.5,100,0.909090909,10276.86,0.917362589,8.26,,,,,,,,
Recombiner 104 - Current_String_8 (A),7470.8,138,80,0.727272727,10272.35,0.916960004,6.64,,,,,,,,
Recombiner 204 - Current_String_16 (A),9133.8,168.75,100,0.889328063,10270.45067,0.916790461,8.32,,,,,,,,
Recombiner 206 - Current_String_9 (A),9131.2,168.75,100,0.889328063,10267.52711,0.91652949,8.35,,,,,,,,
Recombiner 106 - Current_String_1 (A),9128.3,168.75,100,0.889328063,10264.26622,0.916238407,8.38,,,,,,,,
Recombiner 102 - Current_String_2 (A),9329.5,172.5,100,0.909090909,10262.45,0.916076282,8.39,,,,,,,,
Recombiner 103 - Current_String_6 (A),7461.5,138,80,0.727272727,10259.5625,0.91581853,6.73,,,,,,,,
Recombiner 201 - Current_String_2 (A),7297.2,135,80,0.711462451,10256.62,0.915555868,6.76,,,,,,,,
Recombiner 107 - Current_String_7 (A),7296.9,135,80,0.711462451,10256.19833,0.915518228,6.76,,,,,,,,
Recombiner 204 - Current_String_8 (A),9113.4,168.75,100,0.889328063,10247.512,0.914742843,8.53,,,,,,,,
Recombiner 205 - Current_String_5 (A),9113.3,168.75,100,0.889328063,10247.39956,0.914732806,8.53,,,,,,,,
Recombiner 103 - Current_String_19 (A),8380,155.25,90,0.818181818,10242.22222,0.914270652,7.72,,,,,,,,
Recombiner 204 - Current_String_15 (A),9106.1,168.75,100,0.889328063,10239.30356,0.914010118,8.6,,,,,,,,
Recombiner 201 - Current_String_1 (A),7284.3,135,80,0.711462451,10238.48833,0.913937347,6.89,,,,,,,,
Recombiner 102 - Current_String_15 (A),9305.2,172.5,100,0.909090909,10235.72,0.913690232,8.63,,,,,,,,
Recombiner 202 - Current_String_17 (A),9296.9,172.5,100,0.909090909,10226.59,0.912875244,8.71,,,,,,,,
Recombiner 107 - Current_String_15 (A),7274.7,135,80,0.711462451,10224.995,0.912732866,6.98,,,,,,,,
Recombiner 202 - Current_String_12 (A),9295.2,172.5,100,0.909090909,10224.72,0.912708318,8.73,,,,,,,,
Recombiner 204 - Current_String_9 (A),9092.1,168.75,100,0.889328063,10223.56133,0.91260489,8.74,,,,,,,,
Recombiner 202 - Current_String_7 (A),9291.2,172.5,100,0.909090909,10220.32,0.912315553,8.77,,,,,,,,
Recombiner 104 - Current_String_5 (A),9288.5,172.5,100,0.909090909,10217.35,0.912050436,8.79,,,,,,,,
Recombiner 102 - Current_String_16 (A),7429.5,138,80,0.727272727,10215.5625,0.911890875,7.05,,,,,,,,
Recombiner 202 - Current_String_10 (A),9283.3,172.5,100,0.909090909,10211.63,0.911539841,8.85,,,,,,,,
Recombiner 207 - Current_String_3 (A),9070.4,168.75,100,0.889328063,10199.16089,0.910426788,8.96,,,,,,,,
Recombiner 204 - Current_String_11 (A),9063.5,168.75,100,0.889328063,10191.40222,0.909734211,9.03,,,,,,,,
Recombiner 104 - Current_String_13 (A),7411.4,138,80,0.727272727,10190.675,0.909669296,7.23,,,,,,,,
Recombiner 105 - Current_String_4 (A),9251.1,172.5,100,0.909090909,10176.21,0.908378079,9.16,,,,,,,,
Recombiner 106 - Current_String_11 (A),9045.8,168.75,100,0.889328063,10171.49956,0.907957602,9.2,,,,,,,,
Recombiner 105 - Current_String_8 (A),9241.9,172.5,100,0.909090909,10166.09,0.907474719,9.25,,,,,,,,
Recombiner 105 - Current_String_9 (A),9241.6,172.5,100,0.909090909,10165.76,0.907445262,9.26,,,,,,,,
Recombiner 207 - Current_String_2 (A),9038.9,168.75,100,0.889328063,10163.74089,0.907265026,9.27,,,,,,,,
Recombiner 204 - Current_String_13 (A),9038.8,168.75,100,0.889328063,10163.62844,0.907254989,9.27,,,,,,,,
Recombiner 106 - Current_String_14 (A),9035.1,168.75,100,0.889328063,10159.468,0.906883607,9.31,,,,,,,,
Recombiner 104 - Current_String_18 (A),9235.1,172.5,100,0.909090909,10158.61,0.906807018,9.32,,,,,,,,
Recombiner 102 - Current_String_13 (A),9231.2,172.5,100,0.909090909,10154.32,0.906424071,9.36,,,,,,,,
Recombiner 206 - Current_String_15 (A),7223.4,135,80,0.711462451,10152.89,0.906296423,7.5,,,,,,,,
Recombiner 207 - Current_String_7 (A),9026.8,168.75,100,0.889328063,10150.13511,0.906050508,9.39,,,,,,,,
Recombiner 105 - Current_String_13 (A),9224.3,172.5,100,0.909090909,10146.73,0.905746551,9.43,,,,,,,,
Recombiner 106 - Current_String_18 (A),9018.4,168.75,100,0.889328063,10140.68978,0.905207371,9.48,,,,,,,,
Recombiner 202 - Current_String_16 (A),9205,172.5,100,0.909090909,10125.5,0.903851458,9.61,,,,,,,,
Recombiner 107 - Current_String_6 (A),7203.7,135,80,0.711462451,10125.20056,0.903824728,7.69,,,,,,,,
Recombiner 105 - Current_String_7 (A),9199.2,172.5,100,0.909090909,10119.12,0.903281948,9.67,,,,,,,,
Recombiner 206 - Current_String_1 (A),5396.9,101.25,60,0.533596838,10114.19037,0.902841905,5.83,,,,,,,,
Recombiner 205 - Current_String_1 (A),7194,135,80,0.711462451,10111.56667,0.902607701,7.79,,,,,,,,
Recombiner 101 - Current_String_1 (A),9191.8,172.5,100,0.909090909,10110.98,0.902555332,9.74,,,,,,,,
Recombiner 201 - Current_String_11 (A),9648.9,181.125,105,0.954545455,10108.37143,0.902322478,10.26,,,,,,,,
Recombiner 205 - Current_String_15 (A),8985.2,168.75,100,0.889328063,10103.35822,0.901874975,9.81,,,,,,,,
Recombiner 105 - Current_String_15 (A),9184.7,172.5,100,0.909090909,10103.17,0.901858173,9.81,,,,,,,,
Recombiner 207 - Current_String_13 (A),8981.1,168.75,100,0.889328063,10098.748,0.901463444,9.85,,,,,,,,
Recombiner 104 - Current_String_14 (A),7342.9,138,80,0.727272727,10096.4875,0.901261661,7.9,,,,,,,,
Recombiner 101 - Current_String_15 (A),7341.3,138,80,0.727272727,10094.2875,0.901065278,7.91,,,,,,,,
Recombiner 104 - Current_String_11 (A),9172.9,172.5,100,0.909090909,10090.19,0.900699515,9.93,,,,,,,,
Recombiner 104 - Current_String_1 (A),7335.1,138,80,0.727272727,10085.7625,0.900304295,7.98,,,,,,,,
Recombiner 201 - Current_String_10 (A),9164.1,172.5,100,0.909090909,10080.51,0.899835431,10.02,,,,,,,,
Recombiner 201 - Current_String_9 (A),9159.6,172.5,100,0.909090909,10075.56,0.89939357,10.06,,,,,,,,
Recombiner 207 - Current_String_14 (A),8958.8,168.75,100,0.889328063,10073.67289,0.899225117,10.08,,,,,,,,
Recombiner 205 - Current_String_4 (A),8954.2,168.75,100,0.889328063,10068.50044,0.8987634,10.12,,,,,,,,
Recombiner 205 - Current_String_17 (A),8948,168.75,100,0.889328063,10061.52889,0.898141085,10.19,,,,,,,,
Recombiner 107 - Current_String_3 (A),8947,168.75,100,0.889328063,10060.40444,0.898040711,10.2,,,,,,,,
Recombiner 105 - Current_String_2 (A),9145.5,172.5,100,0.909090909,10060.05,0.898009072,10.2,,,,,,,,
Recombiner 105 - Current_String_11 (A),9137.1,172.5,100,0.909090909,10050.81,0.897184265,10.28,,,,,,,,
Recombiner 107 - Current_String_4 (A),8931.3,168.75,100,0.889328063,10042.75067,0.896464849,10.35,,,,,,,,
Recombiner 102 - Current_String_5 (A),7303,138,80,0.727272727,10041.625,0.896364367,8.29,,,,,,,,
Recombiner 207 - Current_String_8 (A),8930,168.75,100,0.889328063,10041.28889,0.896334364,10.37,,,,,,,,
Recombiner 104 - Current_String_4 (A),9127.7,172.5,100,0.909090909,10040.47,0.896261266,10.37,,,,,,,,
Recombiner 205 - Current_String_18 (A),8929,168.75,100,0.889328063,10040.16444,0.89623399,10.38,,,,,,,,
Recombiner 106 - Current_String_10 (A),7133.7,135,80,0.711462451,10026.81167,0.895042056,8.4,,,,,,,,
Recombiner 201 - Current_String_19 (A),8917.1,168.75,100,0.889328063,10026.78356,0.895039547,10.5,,,,,,,,
Recombiner 207 - Current_String_1 (A),7129.1,135,80,0.711462451,10020.34611,0.894464909,8.44,,,,,,,,
Recombiner 102 - Current_String_6 (A),9107.7,172.5,100,0.909090909,10018.47,0.894297439,10.57,,,,,,,,
Recombiner 107 - Current_String_16 (A),7124.9,135,80,0.711462451,10014.44278,0.893937949,8.48,,,,,,,,
Recombiner 105 - Current_String_6 (A),9099,172.5,100,0.909090909,10008.9,0.893443174,10.66,,,,,,,,
Recombiner 205 - Current_String_19 (A),8897.2,168.75,100,0.889328063,10004.40711,0.893042117,10.7,,,,,,,,
Recombiner 205 - Current_String_16 (A),8896.9,168.75,100,0.889328063,10004.06978,0.893012005,10.7,,,,,,,,
Recombiner 206 - Current_String_16 (A),7115.5,135,80,0.711462451,10001.23056,0.892758562,8.58,,,,,,,,
Recombiner 207 - Current_String_15 (A),8892.7,168.75,100,0.889328063,9999.347111,0.892590436,10.74,,,,,,,,
Recombiner 207 - Current_String_18 (A),7107.6,135,80,0.711462451,9990.126667,0.891767375,8.66,,,,,,,,
Recombiner 207 - Current_String_10 (A),8884.1,168.75,100,0.889328063,9989.676889,0.891727225,10.83,,,,,,,,
Recombiner 205 - Current_String_3 (A),7107.2,135,80,0.711462451,9989.564444,0.891717188,8.66,,,,,,,,
Recombiner 204 - Current_String_14 (A),8872.8,168.75,100,0.889328063,9976.970667,0.890593006,10.94,,,,,,,,
Recombiner 207 - Current_String_9 (A),8869.7,168.75,100,0.889328063,9973.484889,0.890281848,10.97,,,,,,,,
Recombiner 103 - Current_String_3 (A),9065.8,172.5,100,0.909090909,9972.38,0.890183221,10.98,,,,,,,,
Recombiner 205 - Current_String_13 (A),8868.3,168.75,100,0.889328063,9971.910667,0.890141326,10.99,,,,,,,,
Recombiner 202 - Current_String_5 (A),9054,172.5,100,0.909090909,9959.4,0.889024563,11.1,,,,,,,,
Recombiner 106 - Current_String_13 (A),8854.1,168.75,100,0.889328063,9955.943556,0.888716024,11.13,,,,,,,,
Recombiner 104 - Current_String_12 (A),9049.6,172.5,100,0.909090909,9954.56,0.888592521,11.14,,,,,,,,
Recombiner 203 - Current_String_4 (A),8846.5,168.75,100,0.889328063,9947.397778,0.887953186,11.2,,,,,,,,
Recombiner 206 - Current_String_8 (A),7073.9,135,80,0.711462451,9942.759444,0.887539146,9,,,,,,,,
Recombiner 205 - Current_String_6 (A),8839.7,168.75,100,0.889328063,9939.751556,0.887270647,11.27,,,,,,,,
Recombiner 104 - Current_String_17 (A),8131.3,155.25,90,0.818181818,9938.255556,0.887137107,10.16,,,,,,,,
Recombiner 101 - Current_String_16 (A),9030,172.5,100,0.909090909,9933,0.88666797,11.33,,,,,,,,
Recombiner 105 - Current_String_1 (A),9024.4,172.5,100,0.909090909,9926.84,0.886118098,11.39,,,,,,,,
Recombiner 206 - Current_String_13 (A),7061.8,135,80,0.711462451,9925.752222,0.886020998,9.12,,,,,,,,
Recombiner 205 - Current_String_2 (A),7059.3,135,80,0.711462451,9922.238333,0.885707331,9.14,,,,,,,,
Recombiner 103 - Current_String_11 (A),9011.5,172.5,100,0.909090909,9912.65,0.88485143,11.51,,,,,,,,
Recombiner 203 - Current_String_15 (A),8809.3,168.75,100,0.889328063,9905.568444,0.884219296,11.58,,,,,,,,
Recombiner 204 - Current_String_2 (A),8807.8,168.75,100,0.889328063,9903.881778,0.884068736,11.59,,,,,,,,
Recombiner 107 - Current_String_13 (A),8792.1,168.75,100,0.889328063,9886.228,0.882492873,11.75,,,,,,,,
Recombiner 205 - Current_String_12 (A),8791.6,168.75,100,0.889328063,9885.665778,0.882442687,11.76,,,,,,,,
Recombiner 107 - Current_String_12 (A),8787,168.75,100,0.889328063,9880.493333,0.881980969,11.8,,,,,,,,
Recombiner 207 - Current_String_4 (A),7908.3,151.875,90,0.800395257,9880.493333,0.881980969,10.62,,,,,,,,
Recombiner 204 - Current_String_18 (A),7029.1,135,80,0.711462451,9879.790556,0.881918236,9.45,,,,,,,,
Recombiner 204 - Current_String_17 (A),8778.5,168.75,100,0.889328063,9870.935556,0.881127795,11.89,,,,,,,,
Recombiner 203 - Current_String_18 (A),7015.1,135,80,0.711462451,9860.112778,0.880161702,9.59,,,,,,,,
Recombiner 105 - Current_String_3 (A),8962.2,172.5,100,0.909090909,9858.42,0.880010596,12,,,,,,,,
Recombiner 202 - Current_String_3 (A),8948.8,172.5,100,0.909090909,9843.68,0.878694832,12.13,,,,,,,,
Recombiner 101 - Current_String_18 (A),7154.1,138,80,0.727272727,9836.8875,0.8780885,9.75,,,,,,,,
Recombiner 102 - Current_String_19 (A),8940.2,172.5,100,0.909090909,9834.22,0.877850386,12.21,,,,,,,,
Recombiner 202 - Current_String_13 (A),8903.4,172.5,100,0.909090909,9793.74,0.874236944,12.58,,,,,,,,
Recombiner 107 - Current_String_9 (A),8707.7,168.75,100,0.889328063,9791.324889,0.874021359,12.6,,,,,,,,
Recombiner 207 - Current_String_17 (A),6960.1,135,80,0.711462451,9782.807222,0.873261031,10.14,,,,,,,,
Recombiner 102 - Current_String_11 (A),7110.2,138,80,0.727272727,9776.525,0.872700249,10.18,,,,,,,,
Recombiner 201 - Current_String_15 (A),8682.8,168.75,100,0.889328063,9763.326222,0.871522062,12.85,,,,,,,,
Recombiner 207 - Current_String_11 (A),6944.7,135,80,0.711462451,9761.161667,0.871328843,10.29,,,,,,,,
Recombiner 105 - Current_String_18 (A),7097.4,138,80,0.727272727,9758.925,0.871129188,10.31,,,,,,,,
Recombiner 107 - Current_String_5 (A),8674.6,168.75,100,0.889328063,9754.105778,0.870699,12.93,,,,,,,,
Recombiner 204 - Current_String_12 (A),8666.4,168.75,100,0.889328063,9744.885333,0.869875938,13.01,,,,,,,,
Recombiner 205 - Current_String_7 (A),8662.1,168.75,100,0.889328063,9740.050222,0.869444333,13.06,,,,,,,,
Recombiner 101 - Current_String_17 (A),7036,138,80,0.727272727,9674.5,0.863593001,10.91,,,,,,,,
Recombiner 206 - Current_String_12 (A),6871.5,135,80,0.711462451,9658.275,0.862144678,11.03,,,,,,,,
Recombiner 207 - Current_String_19 (A),6871,135,80,0.711462451,9657.572222,0.862081945,11.03,,,,,,,,
Recombiner 104 - Current_String_10 (A),8773.2,172.5,100,0.909090909,9650.52,0.861452429,13.85,,,,,,,,
Recombiner 101 - Current_String_13 (A),8766.7,172.5,100,0.909090909,9643.37,0.860814185,13.92,,,,,,,,
Recombiner 203 - Current_String_2 (A),6858.6,135,80,0.711462451,9640.143333,0.860526157,11.16,,,,,,,,
Recombiner 205 - Current_String_11 (A),8560.4,168.75,100,0.889328063,9625.694222,0.859236359,14.08,,,,,,,,
Recombiner 107 - Current_String_11 (A),8541.3,168.75,100,0.889328063,9604.217333,0.857319228,14.27,,,,,,,,
Recombiner 102 - Current_String_9 (A),6978.9,138,80,0.727272727,9595.9875,0.856584593,11.47,,,,,,,,
Recombiner 201 - Current_String_16 (A),8531.8,168.75,100,0.889328063,9593.535111,0.85636568,14.36,,,,,,,,
Recombiner 107 - Current_String_14 (A),6825.3,135,80,0.711462451,9593.338333,0.856348115,11.49,,,,,,,,
Recombiner 202 - Current_String_4 (A),8703.3,172.5,100,0.909090909,9573.63,0.854588853,14.54,,,,,,,,
Recombiner 101 - Current_String_10 (A),8679,172.5,100,0.909090909,9546.9,0.852202803,14.78,,,,,,,,
Recombiner 201 - Current_String_13 (A),8471.2,168.75,100,0.889328063,9525.393778,0.850283053,14.97,,,,,,,,
Recombiner 105 - Current_String_5 (A),8652.1,172.5,100,0.909090909,9517.31,0.849561456,15.04,,,,,,,,
Recombiner 201 - Current_String_5 (A),6920.8,138,80,0.727272727,9516.1,0.849453445,12.04,,,,,,,,
Recombiner 202 - Current_String_1 (A),6917.3,138,80,0.727272727,9511.2875,0.849023858,12.08,,,,,,,,
Recombiner 207 - Current_String_12 (A),8452.2,168.75,100,0.889328063,9504.029333,0.848375959,15.16,,,,,,,,
Recombiner 202 - Current_String_15 (A),8635.8,172.5,100,0.909090909,9499.38,0.847960936,15.2,,,,,,,,
Recombiner 203 - Current_String_11 (A),8436.9,168.75,100,0.889328063,9486.825333,0.846840246,15.32,,,,,,,,
Recombiner 203 - Current_String_3 (A),6744.7,135,80,0.711462451,9480.050556,0.846235496,12.3,,,,,,,,
Recombiner 206 - Current_String_18 (A),8421.3,168.75,100,0.889328063,9469.284,0.845274421,15.47,,,,,,,,
Recombiner 106 - Current_String_7 (A),8404.3,168.75,100,0.889328063,9450.168444,0.843568073,15.64,,,,,,,,
Recombiner 105 - Current_String_14 (A),9448.8,189.75,110,1,9448.8,0.843445919,17.22,,,,,,,,
Recombiner 201 - Current_String_17 (A),8400.8,168.75,100,0.889328063,9446.232889,0.843216766,15.68,,,,,,,,
Recombiner 106 - Current_String_3 (A),8387.2,168.75,100,0.889328063,9430.940444,0.841851688,15.81,,,,,,,,
Recombiner 106 - Current_String_2 (A),8347.2,168.75,100,0.889328063,9385.962667,0.837836753,16.22,,,,,,,,
Recombiner 103 - Current_String_13 (A),8529.2,172.5,100,0.909090909,9382.12,0.837493738,16.25,,,,,,,,
Recombiner 106 - Current_String_17 (A),8314.2,168.75,100,0.889328063,9348.856,0.834524431,16.55,,,,,,,,
Recombiner 205 - Current_String_9 (A),6650.2,135,80,0.711462451,9347.225556,0.834378889,13.25,,,,,,,,
Recombiner 103 - Current_String_9 (A),8493,172.5,100,0.909090909,9342.3,0.83393921,16.61,,,,,,,,
Recombiner 203 - Current_String_1 (A),6644.2,135,80,0.711462451,9338.792222,0.833626089,13.31,,,,,,,,
Recombiner 101 - Current_String_8 (A),8489,172.5,100,0.909090909,9337.9,0.833546445,16.65,,,,,,,,
Recombiner 101 - Current_String_3 (A),8473.5,172.5,100,0.909090909,9320.85,0.832024479,16.8,,,,,,,,
Recombiner 204 - Current_String_1 (A),8264.7,168.75,100,0.889328063,9293.196,0.829555948,17.04,,,,,,,,
Recombiner 106 - Current_String_15 (A),8246.8,168.75,100,0.889328063,9273.068444,0.827759264,17.22,,,,,,,,
Recombiner 101 - Current_String_14 (A),8429.1,172.5,100,0.909090909,9272.01,0.827664783,17.23,,,,,,,,
Recombiner 103 - Current_String_14 (A),8422.7,172.5,100,0.909090909,9264.97,0.827036358,17.3,,,,,,,,
Recombiner 102 - Current_String_12 (A),8420,172.5,100,0.909090909,9262,0.826771241,17.32,,,,,,,,
Recombiner 102 - Current_String_4 (A),8416.2,172.5,100,0.909090909,9257.82,0.826398114,17.36,,,,,,,,
Recombiner 202 - Current_String_2 (A),6721.6,138,80,0.727272727,9242.2,0.825003797,14,,,,,,,,
Recombiner 202 - Current_String_18 (A),8399.5,172.5,100,0.909090909,9239.45,0.824758318,17.52,,,,,,,,
Recombiner 104 - Current_String_7 (A),6716.4,138,80,0.727272727,9235.05,0.824365553,14.05,,,,,,,,
Recombiner 102 - Current_String_18 (A),6711.1,138,80,0.727272727,9227.7625,0.823715035,14.1,,,,,,,,
Recombiner 203 - Current_String_7 (A),6565.1,135,80,0.711462451,9227.612778,0.82370167,14.1,,,,,,,,
Recombiner 103 - Current_String_7 (A),8385.1,172.5,100,0.909090909,9223.61,0.823344363,17.67,,,,,,,,
Recombiner 106 - Current_String_9 (A),8199.3,168.75,100,0.889328063,9219.657333,0.822991528,17.7,,,,,,,,
Recombiner 104 - Current_String_16 (A),8359.6,172.5,100,0.909090909,9195.56,0.820840483,17.92,,,,,,,,
Recombiner 101 - Current_String_2 (A),8350.4,172.5,100,0.909090909,9185.44,0.819937123,18.01,,,,,,,,
Recombiner 102 - Current_String_14 (A),8343.6,172.5,100,0.909090909,9177.96,0.819269421,18.07,,,,,,,,
Recombiner 205 - Current_String_8 (A),6507.6,135,80,0.711462451,9146.793333,0.816487333,14.68,,,,,,,,
Recombiner 201 - Current_String_6 (A),8305.3,172.5,100,0.909090909,9135.83,0.815508692,18.45,,,,,,,,
Recombiner 105 - Current_String_16 (A),8298.3,172.5,100,0.909090909,9128.13,0.814821353,18.52,,,,,,,,
Recombiner 206 - Current_String_7 (A),6488.7,135,80,0.711462451,9120.228333,0.814116012,14.87,,,,,,,,
Recombiner 102 - Current_String_8 (A),7451.4,155.25,90,0.818181818,9107.266667,0.81295899,16.83,,,,,,,,
Recombiner 101 - Current_String_9 (A),6600.7,138,80,0.727272727,9075.9625,0.810164628,15.19,,,,,,,,
Recombiner 202 - Current_String_11 (A),7420.3,155.25,90,0.818181818,9069.255556,0.809565933,17.14,,,,,,,,
Recombiner 102 - Current_String_10 (A),6593.4,138,80,0.727272727,9065.925,0.809268631,15.26,,,,,,,,
Recombiner 206 - Current_String_17 (A),8056.5,168.75,100,0.889328063,9059.086667,0.808658209,19.13,,,,,,,,
Recombiner 103 - Current_String_17 (A),6585.6,138,80,0.727272727,9055.2,0.808311266,15.34,,,,,,,,
Recombiner 204 - Current_String_10 (A),8052.5,168.75,100,0.889328063,9054.588889,0.808256715,19.17,,,,,,,,
Recombiner 105 - Current_String_10 (A),6570.6,138,80,0.727272727,9034.575,0.806470178,15.48,,,,,,,,
Recombiner 206 - Current_String_10 (A),8020.5,168.75,100,0.889328063,9018.606667,0.805044767,19.5,,,,,,,,
Recombiner 205 - Current_String_10 (A),7212.7,151.875,90,0.800395257,9011.422716,0.804403492,17.6,,,,,,,,
Recombiner 107 - Current_String_8 (A),6375.7,135,80,0.711462451,8961.400556,0.79993827,16,,,,,,,,
Recombiner 104 - Current_String_19 (A),6514.6,138,80,0.727272727,8957.575,0.799596783,16.03,,,,,,,,
Recombiner 107 - Current_String_10 (A),7915.3,168.75,100,0.889328063,8900.315111,0.794485486,20.55,,,,,,,,
Recombiner 203 - Current_String_8 (A),7814.9,168.75,100,0.889328063,8787.420889,0.784407998,21.56,,,,,,,,
Recombiner 101 - Current_String_19 (A),5560.5,120.75,70,0.636363636,8737.928571,0.779990072,15.4,,,,,,,,
Recombiner 105 - Current_String_17 (A),6322.5,138,80,0.727272727,8693.4375,0.776018583,17.92,,,,,,,,
Recombiner 206 - Current_String_20 (A),7636.5,168.75,100,0.889328063,8586.82,0.766501385,23.35,,,,,,,,
Recombiner 104 - Current_String_6 (A),7639.6,172.5,100,0.909090909,8403.56,0.750142705,24.99,,,,,,,,
Recombiner 204 - Current_String_7 (A),7444.4,168.75,100,0.889328063,8370.814222,0.747219657,25.28,,,,,,,,
Recombiner 103 - Current_String_10 (A),7608.5,172.5,100,0.909090909,8369.35,0.747088954,25.29,,,,,,,,
Recombiner 101 - Current_String_12 (A),7468.2,172.5,100,0.909090909,8215.02,0.733312706,26.67,,,,,,,,
Recombiner 104 - Current_String_15 (A),7346.5,172.5,100,0.909090909,8081.15,0.721362818,27.86,,,,,,,,
Recombiner 207 - Current_String_16 (A),7133.3,168.75,100,0.889328063,8020.999556,0.715993496,28.4,,,,,,,,
Recombiner 104 - Current_String_2 (A),7278.1,172.5,100,0.909090909,8005.91,0.714646529,28.54,,,,,,,,
Recombiner 201 - Current_String_14 (A),7049.3,168.75,100,0.889328063,7926.546222,0.707562131,29.24,,,,,,,,
Recombiner 203 - Current_String_5 (A),6012.3,168.75,100,0.889328063,6760.497333,0.603474927,39.65,,,,,,,,
Recombiner 203 - Current_String_6 (A),4483,135,80,0.711462451,6301.105556,0.562467379,35,,,,,,,,
Recombiner 103 - Current_String_18 (A),0,138,80,0.727272727,0,0,80,,,,,,,,
Recombiner 203 - Current_String_13 (A),0,135,80,0.711462451,0,0,80,,,,,,,,
